,t0,Intervention,IP weighted mean,g-form mean (NICE-parametric),Mean Standard Error,Mean 95% lower bound,Mean 95% upper bound,Mean Ratio(MR),MR SE,MR 95% lower bound,MR 95% upper bound,Mean Difference(MD),MD SE,MD 95% lower bound,MD 95% upper bound
0,197,Natural course,0.014062164354373515,0.013799948072965433,,0.013720742223031872,0.013720742223031872,1.0,,1.0,1.0,0.0,,0.0,0.0
1,197,Discharge 3rd day,NA,0.014539031433130244,,0.014988554243460635,0.014988554243460635,1.05355696675502,,1.0924011252321753,1.0924011252321753,0.0007390833601648109,,0.001267812020428763,0.001267812020428763
