,t0,Intervention,IP weighted mean,g-form mean (NICE-parametric),Mean Standard Error,Mean 95% lower bound,Mean 95% upper bound,Mean Ratio(MR),MR SE,MR 95% lower bound,MR 95% upper bound,Mean Difference(MD),MD SE,MD 95% lower bound,MD 95% upper bound
0,197,Natural course,0.014062164354373515,0.01419604402330436,0.0005523474156120102,0.01317342788575739,0.015362508462985586,1.0,0.0,1.0,1.0,0.0,0.0,0.0,0.0
1,197,Discharge 3rd day,NA,0.014724724050898518,0.0008474029389270342,0.01332135483201716,0.016512364856318268,1.0372413629266204,0.0475482543333339,0.9501833055356106,1.1481915814322559,0.000528680027594158,0.0006705553076129702,-0.0006709197020113527,0.0021168316424512714
